explainer,/Images/Anchors,/Images/Counterfactuals,/Images/GradCamTorch,/Images/LIME,/Tabular/ALE,/Tabular/Anchors,/Tabular/DeepSHAPGlobal,/Tabular/DeepSHAPLocal,/Tabular/DicePrivate,/Tabular/DicePublic,/Tabular/DisCERN,/Tabular/IREX,/Tabular/Importance,/Tabular/KernelSHAPGlobal,/Tabular/KernelSHAPLocal,/Tabular/LIME,/Tabular/NICE,/Tabular/TreeSHAPGlobal,/Tabular/TreeSHAPLocal,/Text/LIME,/Text/NLPClassifier,/Timeseries/CBRFox
/Images/Anchors,1.0,0.6428571428571429,0.42857142857142855,0.7142857142857143,0.0,0.0,0.0,0.0,0.0,0.0,0.0,0.0,0.0,0.0,0.0,0.0,0.0,0.0,0.0,0.0,0.0,0.0
/Images/Counterfactuals,0.6428571428571429,1.0,0.42857142857142855,0.6428571428571429,0.0,0.0,0.0,0.0,0.0,0.0,0.0,0.0,0.0,0.0,0.0,0.0,0.0,0.0,0.0,0.0,0.0,0.0
/Images/GradCamTorch,0.42857142857142855,0.42857142857142855,1.0,0.42857142857142855,0.0,0.0,0.0,0.0,0.0,0.0,0.0,0.0,0.0,0.0,0.0,0.0,0.0,0.0,0.0,0.0,0.0,0.0
/Images/LIME,0.7142857142857143,0.6428571428571429,0.42857142857142855,1.0,0.0,0.0,0.0,0.0,0.0,0.0,0.0,0.0,0.0,0.0,0.0,0.0,0.0,0.0,0.0,0.0,0.0,0.0
/Tabular/ALE,0.0,0.0,0.0,0.0,1.0,0.35714285714285715,0.5,0.2857142857142857,0.21428571428571427,0.2857142857142857,0.35714285714285715,0.7142857142857143,0.5714285714285714,0.5714285714285714,0.42857142857142855,0.42857142857142855,0.42857142857142855,0.5,0.35714285714285715,0.0,0.0,0.0
/Tabular/Anchors,0.0,0.0,0.0,0.0,0.35714285714285715,1.0,0.21428571428571427,0.35714285714285715,0.5,0.5714285714285714,0.5,0.35714285714285715,0.42857142857142855,0.2857142857142857,0.42857142857142855,0.5,0.5714285714285714,0.21428571428571427,0.35714285714285715,0.0,0.0,0.0
/Tabular/DeepSHAPGlobal,0.0,0.0,0.0,0.0,0.5,0.21428571428571427,1.0,0.5,0.21428571428571427,0.21428571428571427,0.14285714285714285,0.5,0.5,0.5,0.35714285714285715,0.35714285714285715,0.14285714285714285,0.7142857142857143,0.5714285714285714,0.0,0.0,0.0
/Tabular/DeepSHAPLocal,0.0,0.0,0.0,0.0,0.2857142857142857,0.35714285714285715,0.5,1.0,0.42857142857142855,0.35714285714285715,0.2857142857142857,0.35714285714285715,0.42857142857142855,0.42857142857142855,0.5714285714285714,0.42857142857142855,0.2857142857142857,0.5,0.6428571428571429,0.0,0.0,0.0
/Tabular/DicePrivate,0.0,0.0,0.0,0.0,0.21428571428571427,0.5,0.21428571428571427,0.42857142857142855,1.0,0.7142857142857143,0.5714285714285714,0.21428571428571427,0.35714285714285715,0.21428571428571427,0.35714285714285715,0.42857142857142855,0.5714285714285714,0.21428571428571427,0.35714285714285715,0.0,0.0,0.0
/Tabular/DicePublic,0.0,0.0,0.0,0.0,0.2857142857142857,0.5714285714285714,0.21428571428571427,0.35714285714285715,0.7142857142857143,1.0,0.6428571428571429,0.2857142857142857,0.35714285714285715,0.21428571428571427,0.35714285714285715,0.42857142857142855,0.6428571428571429,0.21428571428571427,0.35714285714285715,0.0,0.0,0.0
/Tabular/DisCERN,0.0,0.0,0.0,0.0,0.35714285714285715,0.5,0.14285714285714285,0.2857142857142857,0.5714285714285714,0.6428571428571429,1.0,0.35714285714285715,0.2857142857142857,0.21428571428571427,0.35714285714285715,0.35714285714285715,0.7142857142857143,0.14285714285714285,0.2857142857142857,0.0,0.0,0.0
/Tabular/IREX,0.0,0.0,0.0,0.0,0.7142857142857143,0.35714285714285715,0.5,0.35714285714285715,0.21428571428571427,0.2857142857142857,0.35714285714285715,1.0,0.42857142857142855,0.5,0.35714285714285715,0.2857142857142857,0.42857142857142855,0.5,0.35714285714285715,0.0,0.0,0.0
/Tabular/Importance,0.0,0.0,0.0,0.0,0.5714285714285714,0.42857142857142855,0.5,0.42857142857142855,0.35714285714285715,0.35714285714285715,0.2857142857142857,0.42857142857142855,1.0,0.5,0.5,0.5714285714285714,0.35714285714285715,0.5,0.5,0.0,0.0,0.0
/Tabular/KernelSHAPGlobal,0.0,0.0,0.0,0.0,0.5714285714285714,0.2857142857142857,0.5,0.42857142857142855,0.21428571428571427,0.21428571428571427,0.21428571428571427,0.5,0.5,1.0,0.7142857142857143,0.35714285714285715,0.2857142857142857,0.5,0.35714285714285715,0.0,0.0,0.0
/Tabular/KernelSHAPLocal,0.0,0.0,0.0,0.0,0.42857142857142855,0.42857142857142855,0.35714285714285715,0.5714285714285714,0.35714285714285715,0.35714285714285715,0.35714285714285715,0.35714285714285715,0.5,0.7142857142857143,1.0,0.5,0.42857142857142855,0.35714285714285715,0.5,0.0,0.0,0.0
/Tabular/LIME,0.0,0.0,0.0,0.0,0.42857142857142855,0.5,0.35714285714285715,0.42857142857142855,0.42857142857142855,0.42857142857142855,0.35714285714285715,0.2857142857142857,0.5714285714285714,0.35714285714285715,0.5,1.0,0.42857142857142855,0.35714285714285715,0.5,0.0,0.0,0.0
/Tabular/NICE,0.0,0.0,0.0,0.0,0.42857142857142855,0.5714285714285714,0.14285714285714285,0.2857142857142857,0.5714285714285714,0.6428571428571429,0.7142857142857143,0.42857142857142855,0.35714285714285715,0.2857142857142857,0.42857142857142855,0.42857142857142855,1.0,0.14285714285714285,0.2857142857142857,0.0,0.0,0.0
/Tabular/TreeSHAPGlobal,0.0,0.0,0.0,0.0,0.5,0.21428571428571427,0.7142857142857143,0.5,0.21428571428571427,0.21428571428571427,0.14285714285714285,0.5,0.5,0.5,0.35714285714285715,0.35714285714285715,0.14285714285714285,1.0,0.6428571428571429,0.0,0.0,0.0
/Tabular/TreeSHAPLocal,0.0,0.0,0.0,0.0,0.35714285714285715,0.35714285714285715,0.5714285714285714,0.6428571428571429,0.35714285714285715,0.35714285714285715,0.2857142857142857,0.35714285714285715,0.5,0.35714285714285715,0.5,0.5,0.2857142857142857,0.6428571428571429,1.0,0.0,0.0,0.0
/Text/LIME,0.0,0.0,0.0,0.0,0.0,0.0,0.0,0.0,0.0,0.0,0.0,0.0,0.0,0.0,0.0,0.0,0.0,0.0,0.0,1.0,0.42857142857142855,0.0
/Text/NLPClassifier,0.0,0.0,0.0,0.0,0.0,0.0,0.0,0.0,0.0,0.0,0.0,0.0,0.0,0.0,0.0,0.0,0.0,0.0,0.0,0.42857142857142855,1.0,0.0
/Timeseries/CBRFox,0.0,0.0,0.0,0.0,0.0,0.0,0.0,0.0,0.0,0.0,0.0,0.0,0.0,0.0,0.0,0.0,0.0,0.0,0.0,0.0,0.0,1.0
